team_id,school,region,gender1,gender2,n_correct_answer,n_incorrect_answer,score
P002,福島県立会津学鳳高等学校,福島県,Male,Male,3,2,11
P003,福島県立会津学鳳高等学校,福島県,Male,Male,2,1,7
P004,山口県立岩国高等学校,山口県,Male,Male,4,21,16
P005,山口県立岩国高等学校,山口県,Male,Male,5,1,22
P006,山口県立岩国高等学校,山口県,Male,Male,5,14,22
P007,山口県立岩国高等学校,山口県,Male,Male,3,5,11
P008,津山工業高等専門学校,岡山県,Male,Male,3,0,11
P009,津山工業高等専門学校,岡山県,Male,Male,4,10,16
P010,福島県立会津学鳳高等学校,福島県,Female,Female,4,5,16
P011,津山工業高等専門学校,岡山県,Male,Male,1,0,3
P012,福島県立会津学鳳高等学校,福島県,Male,Male,2,1,7
P013,福島県立会津学鳳高等学校,福島県,Male,Male,6,3,33
P014,福島県立会津学鳳高等学校,福島県,Male,Male,0,0,0
P015,海城高等学校,東京都,Male,Male,0,0,0
P016,鳥取県立鳥取西高等学校,鳥取県,Male,Male,0,0,0
P017,鳥取県立鳥取西高等学校,鳥取県,Male,Male,0,0,0
P018,鳥取県立鳥取西高等学校,鳥取県,Male,Male,0,0,0
P019,鳥取県立鳥取西高等学校,鳥取県,Male,Male,0,0,0
P021,東京都市大学付属高等学校,東京都,Male,Male,3,0,11
P022,津山工業高等専門学校,岡山県,Male,Male,4,1,16
P023,石川工業高等専門学校,石川県,Male,Male,3,0,11
P024,埼玉県立越谷総合技術高等学校,埼玉県,Female,Male,4,1,16
P025,埼玉県立越谷総合技術高等学校,埼玉県,Male,Male,3,0,11
P026,埼玉県立越谷総合技術高等学校,埼玉県,Male,Male,4,0,16
P027,埼玉県立越谷総合技術高等学校,埼玉県,Male,Male,3,2,11
P028,山形県立鶴岡工業高等学校,山形県,Male,Male,3,8,11
P029,山形県立鶴岡工業高等学校,山形県,Male,Male,0,0,0
P030,山形県立鶴岡工業高等学校,山形県,Male,Male,3,1,11
P031,山形県立鶴岡工業高等学校,山形県,Male,Male,2,1,7
P032,大島商船高等専門学校,山口県,Male,Male,3,5,11
P033,大島商船高等専門学校,山口県,Male,Male,0,0,0
P034,大島商船高等専門学校,山口県,Male,Male,4,13,16
P035,大島商船高等専門学校,山口県,Female,Female,3,0,11
P036,大島商船高等専門学校,山口県,Female,Female,3,1,11
P037,大島商船高等専門学校,山口県,Male,Male,4,0,16
P038,大島商船高等専門学校,山口県,Male,Male,5,0,22
P039,大島商船高等専門学校,山口県,Female,Female,5,2,22
P040,大島商船高等専門学校,山口県,Male,Male,2,0,7
P041,鳥取県立鳥取西高等学校,鳥取県,Male,Male,3,11,11
P042,滝高等学校,愛知県,Male,Male,0,0,0
P043,愛知県立鶴城丘高校,愛知県,Male,Male,0,0,0
P044,愛知県立鶴城丘高校,愛知県,Male,Male,3,4,11
P045,愛知県立鶴城丘高校,愛知県,Male,Male,4,6,16
P046,愛知県立鶴城丘高校,愛知県,Male,Male,2,0,7
P047,滝高等学校,愛知県,Male,Male,4,3,16
P048,福島県立会津学鳳高等学校,福島県,Male,Male,2,4,7
P049,滝高等学校,愛知県,Male,Male,3,6,11
P050,滝高等学校,愛知県,Male,Male,1,0,3
P051,新発田中央高等学校,新潟県,Male,Male,3,21,11
P052,新発田中央高等学校,新潟県,Male,Male,4,7,16
P053,東京都市大学付属高等学校,東京都,Male,Male,4,0,17
P054,愛知県立鶴城丘高校,愛知県,Male,Male,5,5,22
P055,愛知県立鶴城丘高校,愛知県,Male,Male,4,3,16
P056,愛知県立鶴城丘高校,愛知県,Male,Male,7,3,44
P057,愛知県立岡崎工業高等学校,愛知県,Male,Male,5,0,22
P058,愛知県立岡崎工業高等学校,愛知県,Male,Male,6,4,33
P059,愛知県立岡崎工業高等学校,愛知県,Male,Male,6,6,33
P060,愛知県立岡崎工業高等学校,愛知県,Male,Female,4,7,16
P061,埼玉県立久喜工業高等学校,埼玉県,Male,Male,4,2,16
P062,埼玉県立久喜工業高等学校,埼玉県,Male,Male,5,0,22
P063,埼玉県立久喜工業高等学校,埼玉県,Male,Male,4,0,16
P064,埼玉県立久喜工業高等学校,埼玉県,Male,Male,4,1,16
P066,埼玉県立久喜工業高等学校,埼玉県,Male,Male,5,6,22
P068,埼玉県立久喜工業高等学校,埼玉県,Male,Male,1,5,3
P069,埼玉県立久喜工業高等学校,埼玉県,Male,Male,3,12,11
P070,埼玉県立久喜工業高等学校,埼玉県,Male,Male,5,2,27
P071,埼玉県立久喜工業高等学校,埼玉県,Male,Male,4,0,17
P072,埼玉県立久喜工業高等学校,埼玉県,Male,Male,3,0,11
P073,埼玉県立久喜工業高等学校,埼玉県,Male,Male,3,2,11
P074,埼玉県立久喜工業高等学校,埼玉県,Male,Male,1,0,3
P075,埼玉県立久喜工業高等学校,埼玉県,Male,Male,3,4,11
P076,埼玉県立久喜工業高等学校,埼玉県,Male,Male,1,0,3
P077,埼玉県立久喜工業高等学校,埼玉県,Male,Male,1,1,3
P078,名古屋市立工芸高等学校,愛知県,Male,Male,1,4,3
P079,名古屋市立工芸高等学校,愛知県,Male,Male,0,0,0
P080,東京都立葛西工業高等学校,東京都,Male,Male,3,5,11
P081,東京都立葛西工業高等学校,東京都,Male,Male,3,7,11
P082,東京都立葛西工業高等学校,東京都,Male,Male,3,32,11
P083,葛西工業,東京都,Male,Male,3,16,11
P084,東京都立葛西工業高等学校,東京都,Male,Male,3,0,11
P085,都立葛西工業高等学校,東京都,Male,Male,4,2,16
P086,富山県立高岡工芸高等学校,富山県,Male,Female,4,0,17
P087,富山県立高岡工芸高等学校,富山県,Male,Male,5,10,22
P088,富山県立高岡工芸高等学校,富山県,Male,Male,5,7,22
P089,富山県立高岡工芸高等学校,富山県,Male,Male,3,1,11
P090,富山県立高岡工芸高等学校,富山県,Male,Male,2,1,7
P091,愛知県立鶴城丘高校,愛知県,Male,Male,3,2,11
P092,沖縄県立沖縄工業高等学校,沖縄県,Male,Male,4,4,16
P093,福井工業高等専門学校,福井県,Male,Male,6,7,33
P094,筑波大学附属駒場高等学校,東京都,Male,Male,2,3,7
P095,筑波大学附属駒場高等学校,東京都,Male,Male,3,1,11
P096,愛知工業大学名電高等学校,愛知県,Male,Male,5,8,22
P097,栃木県立宇都宮白楊高等学校,栃木県,Male,Male,4,0,17
P098,栃木県立宇都宮白楊高等学校,栃木県,Male,Male,4,5,16
P099,栃木県立宇都宮白楊高等学校,栃木県,Male,Male,3,0,11
P100,栃木県立宇都宮白楊高等学校,栃木県,Male,Male,3,1,11
P101,栃木県立宇都宮白楊高等学校,栃木県,Male,Male,4,0,16
P102,栃木県立宇都宮白楊高等学校,栃木県,Male,Male,3,6,11
P103,栃木県立宇都宮白楊高等学校,栃木県,Male,Male,4,6,16
P104,津山工業高等専門学校,岡山県,Male,Male,2,9,7
P105,福島県立会津学鳳高等学校,福島県,Male,Male,3,1,11
P106,白陵高等学校,兵庫県,Male,Male,5,6,22
P107,埼玉県立久喜工業高等学校,埼玉県,Male,Female,2,0,7
P108,埼玉県立久喜工業高等学校,埼玉県,Male,Male,4,0,17
P109,埼玉県立久喜工業高等学校,埼玉県,Male,Male,5,3,22
P110,埼玉県立久喜工業高等高校,埼玉県,Male,Male,4,3,16
P111,白陵高等学校,兵庫県,Male,Male,4,11,16
P112,熊本高等専門学校八代キャンパス,熊本県,Male,Male,5,1,22
P113,熊本高等専門学校八代キャンパス,熊本県,Male,Male,4,6,16
P114,熊本高等専門学校八代キャンパス,熊本県,Male,Male,3,2,11
P115,熊本高等専門学校八代キャンパス,熊本県,Male,Male,3,0,11
P116,熊本高等専門学校八代キャンパス,熊本県,Male,Male,3,6,11
P117,福井工業高等専門学校,福井県,Male,Male,3,9,11
P118,愛知県立江南高等学校,愛知県,Male,Male,3,0,11
P119,愛知県立江南高等学校,愛知県,Male,Male,0,0,0
P120,愛知県立江南高等学校,愛知県,Male,Male,4,5,17
P121,愛知県立江南高等学校,愛知県,Male,Male,4,1,16
P122,熊本高等専門学校八代キャンパス,熊本県,Male,Male,4,14,16
P123,香川高等専門学校,香川県,Male,Male,5,5,27
P124,香川高等専門学校,香川県,Male,Male,1,17,3
P125,早稲田高等学校,東京都,Male,Male,1,18,3
P126,早稲田高等学校,東京都,Male,Male,5,21,22
P127,福島県立平工業高等学校,福島県,Male,Male,5,0,22
P128,沖縄県立浦添工業高等学校,沖縄県,Male,Male,4,7,16
P129,津山工業高等専門学校,岡山県,Male,Male,5,8,22
P130,津山工業高等専門学校,岡山県,Male,Male,2,0,7
P131,福島県立平工業高校,福島県,Male,Male,3,3,11
P132,熊本高等専門学校八代キャンパス,熊本県,Male,Male,3,2,11
P133,青森県立弘前工業高等学校,青森県,Male,Male,3,0,11
P134,青森県立弘前工業高等学校,青森県,Male,Male,3,1,11
P135,青森県立弘前工業高等学校,青森県,Female,Female,0,0,0
P136,青森県立弘前工業高等学校,青森県,Female,Female,3,4,11
P137,青森県立弘前工業高等学校,青森県,Male,Male,4,8,16
P138,青森県立弘前工業高等学校,青森県,Male,Male,3,4,11
P139,青森県立弘前工業高等学校,青森県,Male,Male,4,0,16
P140,青森県立弘前工業高等学校,青森県,Female,Female,1,0,3
P141,青森県立弘前工業高等学校,青森県,Female,Female,4,1,16
P142,大阪星光学院高等学校,大阪府,Male,Male,2,5,7
P143,福島県立福島商業高等学校,福島県,Male,Male,3,4,11
P144,青森県立弘前工業高等学校,青森県,Male,Male,3,6,11
P145,熊本高等専門学校八代キャンパス,熊本県,Male,Male,4,6,16
P146,熊本高等専門学校八代キャンパス,熊本県,Male,Male,4,10,16
P147,一関工業高等専門学校,岩手県,Male,Male,4,1,16
P148,一関工業高等専門学校,岩手県,Male,Male,4,15,16
P149,一関工業高等専門学校,岩手県,Male,Male,3,2,11
P150,一関工業高等専門学校,岩手県,Male,Male,3,2,11
P151,一関工業高等専門学校,岩手県,Male,Male,0,0,0
P152,一関工業高等専門学校,岩手県,Male,Male,3,0,11
P153,一関工業高等専門学校,岩手県,Male,Male,3,0,11
P154,一関工業高等専門学校,岩手県,Male,Male,3,0,11
P155,一関工業高等専門学校,岩手県,Male,Male,4,0,16
P156,一関工業高等専門学校,岩手県,Male,Male,2,5,7
P157,一関工業高等専門学校,岩手県,Male,Male,4,27,16
P158,一関工業高等専門学校,岩手県,Male,Male,4,5,16
P159,一関工業高等専門学校,岩手県,Male,Male,5,2,22
P160,一関工業高等専門学校,岩手県,Female,Female,4,2,16
P161,一関工業高等専門学校,岩手県,Male,Male,5,0,22
P162,一関工業高等専門学校,岩手県,Male,Male,1,1,3
P163,八戸工業高等専門学校,青森県,Male,Male,3,0,12
P164,八戸工業高等専門学校,青森県,Male,Male,2,2,7
P165,八戸工業高等専門学校,青森県,Male,Male,4,6,16
P166,八戸工業高等専門学校,青森県,Male,Male,5,2,22
P167,八戸工業高等専門学校,青森県,Female,Female,5,2,28
P168,八戸工業高等専門学校,青森県,Female,Female,8,2,58
P169,八戸工業高等専門学校,青森県,Male,Male,3,6,11
P170,八戸工業高等専門学校,青森県,Male,Male,5,0,22
P171,八戸工業高等専門学校,青森県,Male,Male,3,0,11
P172,八戸工業高等専門学校,青森県,Male,Male,2,2,7
P173,八戸工業高等専門学校,青森県,Male,Male,3,2,11
P174,八戸工業高等専門学校,青森県,Male,Male,3,0,11
P175,八戸工業高等専門学校,青森県,Male,Male,3,0,11
P176,山形県立米沢興譲館高等学校,山形県,Male,Male,3,0,11
P177,山形県立米沢興譲館高等学校,山形県,Male,Male,9,1,69
P178,山形県立米沢興譲館高等学校,山形県,Female,Male,11,0,100
P179,早稲田高等学校,東京都,Male,Male,0,0,0
P180,新居浜工業高等専門学校,愛媛県,Male,Male,4,0,16
P181,新居浜工業高等専門学校,愛媛県,Male,Male,6,1,33
P182,新居浜工業高等専門学校,愛媛県,Male,Male,6,4,33
P183,新居浜工業高等専門学校,愛媛県,Male,Male,5,5,22
P184,新居浜工業高等専門学校,愛媛県,Male,Male,5,1,22
P185,新居浜工業高等専門学校,愛媛県,Male,Male,9,2,69
P186,新居浜工業高等専門学校,愛媛県,Male,Male,10,0,86
P187,福島県立平工業高等学校,福島県,Male,Male,3,11,11
P188,仙台高等専門学校,宮城県,Male,Male,7,2,44
P189,仙台高等専門学校,宮城県,Male,Male,4,3,16
P190,仙台高等専門学校,宮城県,Male,Male,4,16,16
P191,仙台高等専門学校,宮城県,Male,Male,3,3,11
P192,仙台高等専門学校,宮城県,Male,Male,0,0,0
P193,仙台高等専門学校,宮城県,Male,Male,8,2,55
P194,仙台高等専門学校,宮城県,Male,Male,5,8,22
P195,仙台高等専門学校,宮城県,Male,Male,5,0,22
P196,仙台高等専門学校,宮城県,Male,Male,5,1,22
P197,仙台高等専門学校,宮城県,Male,Male,5,0,22
P198,仙台高等専門学校,宮城県,Male,Male,5,0,22
P199,仙台高専名取キャンパス,宮城県,Male,Male,5,22,22
P200,仙台高専名取キャンパス,宮城県,Male,Male,5,5,22
P201,仙台高専名取キャンパス,宮城県,Male,Male,0,0,0
P202,鹿児島県立鹿児島工業高等学校,鹿児島県,Male,Male,1,0,3
P203,福島県立会津工業高等学校,福島県,Male,Male,3,5,11
P204,福島県立会津工業高等学校,福島県,Male,Male,0,0,0
P205,仙台高等専門学校,宮城県,Female,Male,3,13,11
P206,沖縄県立沖縄工業高等学校,沖縄県,Male,Male,1,4,4
P207,明石工業高等専門学校,兵庫県,Male,Male,0,0,0
P208,明石工業高等専門学校,兵庫県,Male,Male,0,0,0
P209,明石工業高等専門学校,兵庫県,Male,Male,0,0,0
P210,明石工業高等専門学校,兵庫県,Male,Male,6,3,33
P211,明石工業高等専門学校,兵庫県,Male,Male,2,0,7
P212,明石工業高等専門学校,兵庫県,Male,Male,5,2,22
P213,岡山白陵高等学校,岡山県,Male,Male,1,0,3
P214,岡山白陵高等学校,岡山県,Male,Male,0,0,0
P215,岡山白陵高等学校,岡山県,Male,Male,3,2,11
P216,大阪府立大学工業高等専門学校,大阪府,Male,Male,0,0,0
P217,大阪府立大学工業高等専門学校,大阪府,Male,Male,2,1,7
P218,大阪府立大学工業高等専門学校,大阪府,Male,Male,4,7,16
P219,山形県立寒河江工業高等学校,山形県,Male,Male,5,0,22
P220,山形県立寒河江工業高等学校,山形県,Male,Male,6,14,33
P221,山形県立寒河江工業高等学校,山形県,Male,Male,5,19,22
P222,山形県立寒河江工業高等学校,山形県,Male,Male,0,0,0
P223,山形県立寒河江工業高等学校,山形県,Male,Male,3,0,11
P224,山形県立寒河江工業高等学校,山形県,Male,Male,5,2,22
P225,早稲田実業学校高等部,東京都,Male,Male,4,0,16
P226,徳島県立城東高等学校,徳島県,Male,Male,7,4,44
P227,徳島県立城東高等学校,徳島県,Male,Male,10,2,83
P228,徳島県立城東高等学校,徳島県,Male,Male,2,24,7
P229,徳島県立城東高等学校,徳島県,Male,Male,3,8,11
P230,福島県立会津学鳳高等学校,福島県,Male,Male,3,0,11
P231,福島県立会津学鳳高等学校,福島県,Male,Male,1,0,3
P232,帝塚山高等学校,奈良県,Female,Female,3,0,11
P233,帝塚山高等学校,奈良県,Male,Male,3,0,11
P234,帝塚山高等学校,奈良県,Male,Male,5,4,22
P235,帝塚山高等学校,奈良県,Male,Male,3,0,11
P236,帝塚山高等学校,奈良県,Female,Female,3,0,11
P237,大阪府立大学工業高等専門学校,大阪府,Male,Male,3,1,11
P238,大阪府立大学工業高等専門学校,大阪府,Male,Male,0,0,0
P239,埼玉県立春日部高校,埼玉県,Male,Male,4,4,16
P240,福岡県立香椎工業高等学校,福岡県,Male,Male,4,1,16
P241,福岡県立香椎工業高等学校,福岡県,Male,Male,2,1,7
P242,福岡県立香椎工業高等学校,福岡県,Male,Male,1,0,3
P243,福岡県立香椎工業高等学校,福岡県,Male,Male,4,2,16
P244,福岡県立香椎工業高等学校,福岡県,Male,Male,5,5,22
P245,福岡県立香椎工業高等学校,福岡県,Female,Female,7,0,44
P246,高崎商科大学附属高等学校,群馬県,Male,Male,5,2,22
P247,高崎商科大学附属高等学校,群馬県,Male,Male,3,13,11
P248,高崎商科大学附属高等学校,群馬県,Female,Female,3,9,11
P249,福島工業高等専門学校,福島県,Male,Male,4,1,16
P250,福島工業高等専門学校,福島県,Male,Male,3,10,11
P251,福島工業高等専門学校,福島県,Male,Male,5,7,22
P252,福島工業高等専門学校,福島県,Male,Male,0,0,0
P253,福島工業高等専門学校,福島県,Male,Male,5,3,22
P254,福島工業高等専門学校,福島県,Male,Male,5,9,22
P255,徳島県立城ノ内高等学校,徳島県,Female,Male,8,1,55
P256,北九州工業高等専門学校,福岡県,Male,Male,6,1,33
P257,福島県立二本松工業高等学校,福島県,Male,Male,6,2,33
P258,広島大学附属福山高等学校,広島県,Male,Male,0,0,0
P259,広島大学附属福山高等学校,広島県,Male,Male,3,5,11
P260,北海道札幌新川高等学校,北海道,Male,Male,1,2,3
P261,北海道札幌新川高等学校,北海道,Male,Male,6,2,33
P262,北海道札幌新川高等学校,北海道,Male,Male,2,5,7
P263,北海道札幌新川高等学校,北海道,Male,Male,0,0,0
P264,北海道札幌新川高等学校,北海道,Male,Male,2,6,7
P265,茨城工業高等専門学校,茨城県,Male,Male,4,22,16
P266,滝高等学校,愛知県,Male,Male,0,0,0
P267,滝高等学校,愛知県,Male,Male,0,0,0
P268,大阪府立大学工業高等専門学校,大阪府,Male,Male,5,13,22
P269,富山県立富山中部高等学校,富山県,Male,Male,4,7,17
P270,富山県立富山中部高等学校,富山県,Male,Male,3,2,11
P271,富山県立富山中部高等学校,富山県,Male,Male,3,8,11
P272,富山県立富山中部高等学校,富山県,Male,Male,4,2,16
P273,舞鶴工業高等専門学校,京都府,Male,Male,3,0,11
P274,茨城工業高等専門学校,茨城県,Male,Male,3,0,11
P275,海陽中等教育学校,愛知県,Male,Male,3,2,11
P276,山梨県立甲府西高等学校,山梨県,Male,Male,4,0,16
P277,苫小牧工業高等専門学校,北海道,Male,Male,5,5,22
P278,苫小牧工業高等専門学校,北海道,Male,Male,5,5,22
P279,久留米商業高等学校,福岡県,Female,Female,5,7,22
P280,久留米商業高等学校,福岡県,Male,Male,5,2,22
P281,久留米商業高等学校,福岡県,Female,Female,4,3,17
P282,久留米商業高等学校,福岡県,Male,Male,4,6,16
P283,久留米商業高等学校,福岡県,Male,Male,3,5,11
P284,新潟県立新潟南高等学校,新潟県,Male,Male,0,0,0
P285,新潟県立新潟南高等学校,新潟県,Male,Male,1,0,3
P286,津山工業高等専門学校,岡山県,Male,Male,2,2,7
P287,開成高等学校,東京都,Male,Male,2,0,7
P288,福島工業高等専門学校,福島県,Female,Female,5,6,22
P289,栃木県立宇都宮工業高等学校,栃木県,Male,Male,1,0,3
P290,福島工業高等専門学校,福島県,Male,Male,3,8,11
P291,国立秋田工業高等専門学校,秋田県,Male,Male,4,3,16
P292,国立秋田工業高等専門学校,秋田県,Male,Male,3,2,11
P293,国立秋田工業高等専門学校,秋田県,Female,Female,3,0,11
P294,徳島県立城東高等学校,徳島県,Male,Male,3,11,11
P295,舞鶴工業高等専門学校,京都府,Male,Female,4,12,16
P296,長岡工業高等専門学校,新潟県,Male,Male,3,1,11
P297,長岡工業高等専門学校,新潟県,Male,Male,5,9,22
P298,長岡工業高等専門学校,新潟県,Male,Male,4,3,16
P299,長岡工業高等専門学校,新潟県,Male,Male,5,1,22
P300,長岡工業高等専門学校,新潟県,Male,Male,5,2,22
P301,長岡工業高等専門学校,新潟県,Male,Male,6,0,33
P302,長岡工業高等専門学校,新潟県,Male,Male,5,3,22
P303,国立秋田工業高等専門学校,秋田県,Male,Male,5,4,22
P304,兵庫県立龍野高等学校,兵庫県,Male,Male,5,8,22
P305,大阪府立大手前高等学校,大阪府,Male,Male,5,6,27
P306,大阪府立大手前高等学校,大阪府,Male,Male,4,7,16
P307,宮城県仙台第三高等学校,宮城県,Male,Male,7,2,44
P308,静岡県立浜松工業高等学校,静岡県,Male,Male,4,6,16
P309,静岡県立浜松工業高等学校,静岡県,Male,Male,4,18,16
P310,静岡県立浜松工業高等学校,静岡県,Male,Male,3,0,11
P311,静岡県立浜松工業高等学校,静岡県,Male,Male,6,7,33
P312,静岡県立浜松工業高等学校,静岡県,Male,Male,4,3,16
P313,静岡県立浜松工業高等学校,静岡県,Male,Male,5,3,22
P314,静岡県立浜松工業高等学校,静岡県,Male,Male,6,2,33
P315,静岡県立浜松工業高等学校,静岡県,Male,Male,7,3,44
P316,静岡県立浜松工業高等学校,静岡県,Male,Male,5,4,22
P317,静岡県立浜松工業高等学校,静岡県,Male,Female,5,6,22
P318,静岡県立浜松工業高等学校,静岡県,Male,Male,7,3,44
P319,静岡県立浜松工業高等学校,静岡県,Male,Male,6,2,33
P320,静岡県立浜松工業高等学校,静岡県,Male,Male,5,4,27
P321,静岡県立浜松工業高等学校,静岡県,Male,Female,5,2,22
P322,静岡県立浜松工業高等学校,静岡県,Male,Male,4,0,16
P323,静岡県立浜松工業高等学校,静岡県,Female,Female,3,2,11
P324,静岡県立浜松工業高等学校,静岡県,Male,Male,5,2,22
P325,静岡県立浜松工業高等学校,静岡県,Male,Male,4,0,16
P326,静岡県立浜松工業高等学校,静岡県,Male,Male,5,4,22
P327,静岡県立浜松工業高等学校,静岡県,Male,Male,4,0,16
P328,静岡県立浜松工業高等学校,静岡県,Male,Male,5,0,22
P329,静岡県立浜松工業高等学校,静岡県,Male,Male,4,0,16
P330,静岡県立浜松工業高等学校,静岡県,Male,Male,4,2,16
P331,静岡県立浜松工業高等学校,静岡県,Male,Male,5,0,22
P332,北海道札幌新川高等学校,北海道,Female,Female,5,8,22
P333,静岡県立浜松工業高等学校,静岡県,Male,Male,4,4,16
P334,北海道札幌新川高等学校,北海道,Male,Male,4,0,16
P335,豊田工業高等専門学校,愛知県,Male,Male,2,0,7
P336,舞鶴工業高等専門学校,京都府,Female,Female,1,0,3
P337,豊田工業高等専門学校,愛知県,Male,Male,3,2,11
P338,静岡県立静岡高等学校,静岡県,Male,Male,3,2,11
P339,静岡県立静岡高等学校,静岡県,Male,Male,3,2,11
P340,静岡県立静岡高等学校,静岡県,Male,Male,1,0,3
P341,静岡県立静岡高等学校,静岡県,Male,Male,2,1,7
P342,静岡県立静岡高等学校,静岡県,Male,Male,3,1,11
P343,富山高等専門学校射水キャンパス,富山県,Male,Female,3,4,11
P344,金沢工業高等専門学校,石川県,Male,Male,5,2,22
P345,滝高等学校,愛知県,Male,Male,3,2,11
P346,富山高等専門学校射水キャンパス,富山県,Male,Male,4,4,16
P347,舞鶴工業高等専門学校,京都府,Male,Male,3,3,11
P348,箕面学園高等学校,大阪府,Male,Male,3,5,11
P349,豊田工業高等専門学校,愛知県,Male,Male,4,4,16
P350,佐世保工業高等専門学校,長崎県,Male,Male,3,0,11
P351,佐世保工業高等専門学校,長崎県,Male,Male,2,0,7
P352,佐世保工業高等専門学校,長崎県,Male,Male,3,3,11
P353,佐世保工業高等専門学校,長崎県,Male,Male,3,7,11
P354,佐世保工業高等専門学校,長崎県,Male,Male,2,8,7
P355,麻布高等学校,東京都,Male,Male,1,0,3
P356,福島県立郡山商業高等学校,福島県,Male,Male,3,2,11
P357,岐阜県立長良高等学校,岐阜県,Male,Male,0,0,0
P358,福島県立福島工業高等学校,福島県,Male,Male,3,7,11
P359,大阪府立大手前高等学校,大阪府,Male,Male,3,8,11
P360,福島県立福島工業高等学校,福島県,Male,Male,4,1,16
P361,福島県立福島工業高等学校,福島県,Male,Male,3,7,12
P362,福島県立福島工業高等学校,福島県,Male,Male,6,0,33
P363,福島県立福島工業高等学校,福島県,Male,Male,4,1,16
P364,福島県立福島工業高等学校,福島県,Male,Male,4,7,16
P365,福島県立福島工業高等学校,福島県,Male,Male,5,0,22
P366,福島県立平工業高等学校,福島県,Male,Male,5,4,22
P367,茨城工業高等専門学校,茨城県,Male,Male,3,0,11
P368,富山高等専門学校射水キャンパス,富山県,Male,Male,5,3,22
P369,京都教育大学附属高等学校,京都府,Male,Female,0,0,0
P370,福島県立福島工業高等学校,福島県,Male,Male,4,11,16
P371,東京都立小松川高校,東京都,Male,Male,4,2,16
P372,富山県立ふるさと支援学校,富山県,Male,Male,5,13,22
P373,横須賀市立横須賀総合高等学校,神奈川県,Male,Male,6,10,33
P374,横須賀市立横須賀総合高等学校,神奈川県,Male,Female,4,20,16
P375,横須賀市立横須賀総合高等学校,神奈川県,Male,Male,5,2,22
P376,横須賀市立横須賀総合高等学校,神奈川県,Male,Male,6,2,33
P377,横須賀市立横須賀総合高等学校,神奈川県,Male,Male,5,14,22
P378,横須賀市立横須賀総合高等学校,神奈川県,Male,Male,5,4,22
P379,石川工業高等専門学校,石川県,Male,Female,6,4,33
P380,石川工業高等専門学校,石川県,Male,Male,5,13,22
P381,長野県松本工業高等学校,長野県,Male,Male,3,3,11
P382,長野県松本工業高等学校,長野県,Female,Male,1,0,3
P383,長野県松本工業高等学校,長野県,Male,Male,2,1,7
P384,長野県松本工業高等学校,長野県,Male,Male,0,0,0
P385,長野県松本工業高等学校,長野県,Male,Male,2,2,7
P386,長野県松本工業高等学校,長野県,Male,Male,4,4,16
P387,長野県松本工業高等学校,長野県,Male,Male,5,5,22
P388,長野県松本工業高等学校,長野県,Male,Male,4,1,16
P389,北嶺高等学校,北海道,Male,Male,4,7,16
P390,灘高等学校,兵庫県,Male,Male,4,8,16
P391,和歌山県立紀北工業高等学校,和歌山県,Male,Male,4,8,16
P392,和歌山県立紀北工業高等学校,和歌山県,Male,Male,3,5,11
P393,和歌山県立紀北工業高等学校,和歌山県,Male,Male,3,0,11
P394,和歌山県立紀北工業高等学校,和歌山県,Male,Female,6,4,33
P395,和歌山県立紀北工業高等学校,和歌山県,Male,Male,4,1,16
P397,清風高等学校,大阪府,Male,Male,4,1,16
P398,和歌山県立紀北工業高等学校,和歌山県,Male,Male,5,1,22
P399,横浜市立南高等学校,神奈川県,Male,Male,4,0,16
P400,横浜市立南高等学校,神奈川県,Male,Female,4,17,16
P401,横浜市立南高等学校,神奈川県,Male,Male,5,0,22
P402,横浜市立南高等学校,神奈川県,Male,Male,4,0,17
P403,横浜市立南高等学校,神奈川県,Male,Male,6,1,33
P404,横浜市立南高等学校,神奈川県,Female,Female,4,2,17
P405,横浜市立南高等学校,神奈川県,Male,Male,0,0,0
P406,横浜市立南高等学校,神奈川県,Male,Female,6,1,33
P407,沖縄工業高等専門学校,沖縄県,Male,Male,6,0,33
P408,沖縄工業高等専門学校,沖縄県,Male,Male,6,0,33
P409,沖縄工業高等専門学校,沖縄県,Female,Female,5,0,22
P410,沖縄工業高等専門学校,沖縄県,Female,Female,3,1,11
P411,沖縄工業高等専門学校,沖縄県,Male,Male,4,2,17
P412,沖縄工業高等専門学校,沖縄県,Male,Male,6,2,33
P413,沖縄工業高等専門学校,沖縄県,Male,Male,4,2,16
P414,沖縄工業高等専門学校,沖縄県,Female,Female,4,0,16
P415,沖縄工業高等専門学校,沖縄県,Male,Male,9,1,69
P416,沖縄工業高等専門学校,沖縄県,Male,Male,5,3,22
P417,沖縄工業高等専門学校,沖縄県,Male,Male,4,5,16
P418,沖縄工業高等専門学校,沖縄県,Male,Male,0,0,0
P419,沖縄工業高等専門学校,沖縄県,Male,Male,2,0,7
P420,沖縄工業高等専門学校,沖縄県,Male,Male,5,2,22
P421,沖縄工業高等専門学校,沖縄県,Male,Male,3,0,11
P422,千葉県立東総工業高等学校,千葉県,Male,Male,3,0,11
P423,千葉県立東総工業高等学校,千葉県,Male,Male,7,1,44
P424,千葉県立東総工業高等学校,千葉県,Male,Male,5,2,22
P425,千葉県立東総工業高等学校,千葉県,Male,Male,4,3,16
P426,N高等学校,沖縄県,Male,Male,0,0,0
P427,宮崎工業高等学校,宮崎県,Male,Male,4,4,16
P428,宮崎工業高等学校,宮崎県,Male,Male,5,1,22
P429,N高等学校,沖縄県,Male,Male,5,0,22
P430,N高等学校,沖縄県,Male,Male,5,4,22
P431,宮城県仙台第三高等学校,宮城県,Male,Male,5,0,22
P432,神戸市立工業高等専門学校,兵庫県,Male,Male,6,3,33
P433,神戸市立工業高等専門学校,兵庫県,Male,Male,3,3,11
P434,神戸市立工業高等専門学校,兵庫県,Male,Male,4,4,16
P435,神戸市立工業高等専門学校,兵庫県,Male,Male,7,3,47
P436,神戸市立工業高等専門学校,兵庫県,Male,Male,6,8,33
P437,神戸市立工業高等専門学校,兵庫県,Male,Male,4,6,16
P438,神戸市立工業高等専門学校,兵庫県,Male,Male,3,4,11
P439,神戸市立工業高等専門学校,兵庫県,Male,Male,6,2,33
P440,北九州工業高等専門学校,福岡県,Male,Male,7,8,44
P441,北九州工業高等専門学校,福岡県,Male,Male,6,7,33
P442,舞鶴工業高等専門学校,京都府,Male,Male,3,0,11
P443,沖縄工業高等専門学校,沖縄県,Male,Male,5,10,22
P444,宮崎西高等学校,宮崎県,Male,Male,5,4,22
P445,宮崎西高等学校,宮崎県,Male,Male,3,0,11
P446,宮崎西高等学校,宮崎県,Male,Male,5,0,22
P447,神戸市立科学技術高等学校,兵庫県,Male,Male,8,6,55
P448,神戸市立科学技術高等学校,兵庫県,Male,Male,6,5,33
P449,神戸市立科学技術高等学校,兵庫県,Male,Male,6,0,33
P450,神戸市立科学技術高等学校,兵庫県,Male,Male,5,0,22
P451,神戸市立科学技術高等学校,兵庫県,Male,Male,5,3,22
P452,神戸市立科学技術高等学校,兵庫県,Male,Male,4,2,17
P453,神戸市立科学技術高等学校,兵庫県,Male,Male,5,14,22
P454,舞鶴工業高等専門学校,京都府,Male,Male,5,0,22
P455,英明高等学校,香川県,Male,Male,3,4,11
P456,英明高等学校,香川県,Male,Male,6,11,33
P457,英明高等学校,香川県,Female,Female,5,2,22
P458,英明高等学校,香川県,Male,Male,5,0,22
P459,英明高等学校,香川県,Male,Male,6,8,33
P460,英明高等学校,香川県,Male,Male,5,8,22
P461,英明高等学校,香川県,Male,Male,6,7,33
P462,英明高等学校,香川県,Male,Male,5,5,22
P463,英明高等学校,香川県,Male,Male,4,13,16
P464,英明高等学校,香川県,Male,Male,4,2,17
P465,英明高等学校,香川県,Female,Female,3,0,11
P466,米子工業高等専門学校,鳥取県,Male,Male,3,0,11
P467,米子工業高等専門学校,鳥取県,Male,Male,6,8,33
P468,米子工業高等専門学校,鳥取県,Male,Male,3,0,11
P469,米子工業高等専門学校,鳥取県,Male,Male,5,4,22
P470,米子工業高等専門学校,鳥取県,Male,Male,4,3,16
P471,米子工業高等専門学校,鳥取県,Male,Male,4,6,16
P472,米子工業高等専門学校,鳥取県,Male,Male,3,10,11
P473,函館工業高等専門学校,北海道,Male,Male,3,1,11
P474,函館工業高等専門学校,北海道,Male,Male,0,0,0
P475,函館工業高等専門学校,北海道,Male,Male,3,0,11
P476,大阪府立茨木高等学校,大阪府,Male,Male,5,6,22
P477,大阪府立茨木高等学校,大阪府,Male,Male,5,0,22
P478,静岡県立浜松城北工業高等学校,静岡県,Male,Male,6,4,33
P479,都立産業技術高等専門学校品川キャンパス,東京都,Male,Male,6,1,33
P480,都立産業技術高等専門学校品川キャンパス,東京都,Male,Male,5,2,22
P481,都立産業技術高等専門学校品川キャンパス,東京都,Male,Male,5,20,22
P482,都立産業技術高等専門学校品川キャンパス,東京都,Male,Male,5,5,22
P483,静岡県立浜松城北工業高等学校,静岡県,Male,Male,1,0,3
P484,静岡県立浜松城北工業高等学校,静岡県,Male,Male,4,15,16
P485,静岡県立浜松城北工業高等学校,静岡県,Male,Male,6,1,33
P486,静岡県立浜松城北工業高等学校,静岡県,Male,Male,4,2,17
P487,静岡県立浜松城北工業高等学校,静岡県,Male,Male,3,2,11
P488,静岡県立浜松城北工業高等学校,静岡県,Male,Male,4,2,17
P489,静岡県立浜松城北工業高等学校,静岡県,Male,Male,0,0,0
P490,静岡県立浜松城北工業高等学校,静岡県,Male,Male,3,1,11
P491,静岡県立浜松城北工業高等学校,静岡県,Male,Male,5,4,22
P492,静岡県立浜松城北工業高等学校,静岡県,Male,Male,5,6,28
P493,静岡県立浜松城北工業高等学校,静岡県,Male,Male,6,0,33
P494,静岡県立浜松城北工業高等学校,静岡県,Male,Male,3,0,11
P495,静岡県立浜松城北工業高等学校,静岡県,Male,Male,3,1,11
P496,静岡県立浜松城北工業高等学校,静岡県,Male,Male,3,0,11
P497,静岡県立浜松城北工業高等学校,静岡県,Male,Male,0,0,0
P498,静岡県立浜松城北工業高等学校,静岡県,Male,Male,4,9,16
P499,静岡県立浜松城北工業高等学校,静岡県,Male,Male,4,0,18
P500,静岡県立浜松城北工業高等学校,静岡県,Male,Male,3,12,11
P501,静岡県立浜松城北工業高等学校,静岡県,Male,Male,3,4,11
P502,米子工業高等専門学校,鳥取県,Male,Male,6,4,33
P503,米子工業高等専門学校,鳥取県,Male,Female,3,10,11
P504,佐世保工業高等専門学校,長崎県,Male,Male,3,13,11
P505,佐世保工業高等専門学校,長崎県,Male,Male,6,3,33
P506,松江工業高等専門学校,島根県,Male,Male,0,0,0
P507,松江工業高等専門学校,島根県,Male,Male,3,13,11
P508,香川高等専門学校,香川県,Male,Male,3,8,11
P509,松江工業高等専門学校,島根県,Male,Male,5,0,22
P510,東京大学教育学部附属中等教育学校,東京都,Male,Male,5,14,22
P511,東京大学教育学部附属中等教育学校,東京都,Male,Male,1,1,3
P512,兵庫県立明石北高等学校,兵庫県,Male,Male,3,2,11
P513,埼玉県立大宮高等学校,埼玉県,Male,Male,3,0,11
P514,久留米工業高等専門学校,福岡県,Male,Female,3,0,11
P515,埼玉県立大宮高等学校,埼玉県,Male,Female,0,0,0
P516,埼玉県立大宮高等学校,埼玉県,Male,Male,3,5,11
P517,久留米工業高等専門学校,福岡県,Male,Male,0,0,0
P518,静岡県立島田工業高等学校,静岡県,Male,Male,0,0,0
P519,静岡県立島田工業高等学校,静岡県,Male,Male,0,0,0
P520,静岡県立島田工業高等学校,静岡県,Male,Male,3,1,11
P521,静岡県立島田工業高等学校,静岡県,Male,Male,0,0,0
P522,静岡県立島田工業高等学校,静岡県,Male,Male,3,0,11
P523,静岡県立島田工業高等学校,静岡県,Male,Male,5,3,22
P524,静岡県立島田工業高等学校,静岡県,Male,Male,5,5,22
P525,静岡県立島田工業高等学校,静岡県,Male,Male,4,0,16
P526,静岡県立島田工業高等学校,静岡県,Male,Male,5,4,22
P527,静岡県立島田工業高等学校,静岡県,Male,Male,3,3,11
P528,宮崎県立高鍋高等学校,宮崎県,Male,Male,3,1,11
P529,宮崎県立高鍋高等学校,宮崎県,Male,Male,4,1,16
P530,宮崎県立高鍋高等学校,宮崎県,Female,Female,3,12,11
P531,宮崎県立高鍋高等学校,宮崎県,Male,Male,2,1,7
P532,宮崎県立高鍋高等学校,宮崎県,Male,Male,3,0,11
P533,宮崎県立高鍋高等学校,宮崎県,Male,Male,5,1,22
P534,宮崎県立高鍋高等学校,宮崎県,Female,Female,8,3,55
P535,鹿児島工業高等専門学校,鹿児島県,Male,Male,7,3,44
P536,茨城高等学校,茨城県,Male,Male,4,0,16
P537,香川高等専門学校,香川県,Male,Male,3,0,11
P538,静岡県立島田工業高等学校,静岡県,Male,Male,3,12,11
P539,静岡県立島田工業高等学校,静岡県,Male,Male,3,2,11
P540,静岡県立島田工業高等学校,静岡県,Male,Male,4,12,16
P541,サレジオ学院高等学校,神奈川県,Male,Male,3,5,11
P542,北九州工業高等専門学校,福岡県,Female,Female,4,0,16
P543,北九州工業高等専門学校,福岡県,Male,Male,4,8,16
P544,慶應義塾高等学校,神奈川県,Male,Male,4,8,16
P545,北九州工業高等専門学校,福岡県,Male,Male,3,0,11
P546,北九州工業高等専門学校,福岡県,Male,Male,3,17,11
P547,茨木高校,大阪府,Male,Male,3,2,11
P548,鹿児島県立鹿児島工業高等学校,鹿児島県,Male,Male,3,13,11
P549,北九州工業高等専門学校,福岡県,Male,Male,3,17,11
P550,宮崎県立宮崎西高等学校,宮崎県,Male,Male,5,4,22
P551,北九州工業高等専門学校,福岡県,Female,Female,4,3,16
P552,太田工業高校,群馬県,Male,Male,4,12,16
P553,静岡県立島田工業高等学校,静岡県,Male,Female,4,4,16
P554,静岡県立島田工業高等学校,静岡県,Male,Male,4,3,17
P555,太田工業高校,群馬県,Male,Male,3,0,11
P556,太田工業高校,群馬県,Male,Male,3,1,11
P557,福島工業高等専門学校,福島県,Male,Male,2,4,7
P558,鈴鹿工業高等専門学校,三重県,Male,Male,6,4,33
P559,鈴鹿工業高等専門学校,三重県,Male,Male,10,2,83
P560,鈴鹿工業高等専門学校,三重県,Male,Male,5,0,22
P561,鈴鹿工業高等専門学校,三重県,Male,Male,4,2,16
P562,鈴鹿工業高等専門学校,三重県,Male,Male,4,0,16
P563,島根県立松江北高等学校,島根県,Male,Male,5,0,22
P564,山形県立米沢工業高等学校,山形県,Male,Male,4,0,17
P565,中央学院高等学校,千葉県,Male,Male,5,3,22
P566,中央学院高等学校,千葉県,Male,Male,4,0,16
P567,滋賀県立瀬田工業高等学校,滋賀県,Male,Male,5,2,28
P568,滋賀県立瀬田工業高等学校,滋賀県,Male,Male,4,2,16
P569,滋賀県立瀬田工業高等学校,滋賀県,Male,Male,5,3,22
P570,滋賀県立瀬田工業高等学校,滋賀県,Male,Male,3,0,11
P571,滋賀県立瀬田工業高等学校,滋賀県,Male,Male,5,1,22
P572,滋賀県立瀬田工業高等学校,滋賀県,Male,Male,4,1,17
P573,久留米工業高等専門学校,福岡県,Male,Male,4,19,16
P574,京都すばる高等学校,京都府,Male,Male,4,5,16
P575,京都すばる高等学校,京都府,Female,Female,3,6,11
P576,京都すばる高等学校,京都府,Male,Male,4,0,16
P577,京都すばる高等学校,京都府,Male,Male,5,8,22
P578,京都すばる高等学校,京都府,Male,Male,4,0,16
P579,京都すばる高等学校,京都府,Male,Male,4,0,16
P580,京都すばる高等学校,京都府,Male,Male,3,1,11
P581,京都すばる高等学校,京都府,Male,Male,5,2,22
P582,久留米工業高等専門学校,福岡県,Male,Male,5,9,22
P583,富山高等専門学校射水キャンパス,東京都,Male,Male,4,1,16
P584,富山高等専門学校射水キャンパス,東京都,Male,Male,5,3,27
P585,富山高等専門学校射水キャンパス,東京都,Male,Male,5,2,22
P586,福岡県立福岡工業高等学校,福岡県,Female,Female,5,6,22
P587,福岡県立福岡工業高等学校,福岡県,Male,Male,0,0,0
P588,福岡県立福岡工業高等学校,福岡県,Male,Male,0,0,0
P589,福岡県立福岡工業高等学校,福岡県,Male,Male,3,3,11
P590,福岡県立福岡工業高等学校,福岡県,Male,Male,4,1,17
P591,福岡県立福岡工業高等学校,福岡県,Male,Male,4,0,17
P592,福岡県立福岡工業高等学校,福岡県,Male,Male,3,2,11
P593,福岡県立福岡工業高等学校,福岡県,Male,Male,3,9,11
P594,福岡県立福岡工業高等学校,福岡県,Male,Male,3,7,11
P595,舞鶴工業高等専門学校,京都府,Male,Male,3,0,11
P596,駒場学園高等学校,東京都,Male,Male,2,16,7
P597,都立両国高等学校,東京都,Male,Male,2,2,7
P598,鹿児島工業高等専門学校,鹿児島県,Male,Male,1,1,3
P599,長野県飯田OIDE長姫高等学校,長野県,Male,Male,5,4,22
P600,長野県飯田OIDE長姫高等学校,長野県,Male,Male,5,9,22
P601,長野県屋代高等学校,長野県,Male,Male,5,0,22
P602,北九州工業高等専門学校,福岡県,Male,Male,5,0,22
P603,北九州工業高等専門学校,福岡県,Male,Female,8,3,58
P604,北九州工業高等専門学校,福岡県,Male,Male,5,3,22
P605,北九州工業高等専門学校,福岡県,Male,Male,2,6,7
P606,北九州工業高等専門学校,福岡県,Male,Male,4,10,16
P607,静岡県立島田工業高等学校,静岡県,Male,Male,5,0,22
P608,静岡県立島田工業高等学校,静岡県,Male,Male,5,6,27
P609,東京都市大学付属高等学校,東京都,Male,Male,9,2,69
P610,洛南高等学校,京都府,Male,Male,4,0,17
P611,東京都立科学技術高等学校,東京都,Male,Male,0,0,0
P612,東京都立科学技術高等学校,東京都,Male,Male,3,5,11
P613,東京都立科学技術高等学校,東京都,Male,Male,4,2,16
P614,藤島高校,福井県,Male,Male,4,0,16
P615,静岡県立浜松西高等学校,静岡県,Male,Male,4,0,16
P616,北九州工業高等専門学校,福岡県,Male,Male,4,4,16
P617,都立産業技術高等専門学校品川キャンパス,東京都,Male,Male,4,1,16
P618,岐阜県立岐阜商業高等学校,岐阜県,Female,Male,5,2,22
P619,岐阜県立岐阜商業高等学校,岐阜県,Male,Male,0,0,0
P620,岐阜県立岐阜商業高等学校,岐阜県,Male,Male,5,1,22
P621,岐阜県立岐阜商業高等学校,岐阜県,Male,Male,4,6,16
P622,富山高等専門学校射水キャンパス,富山県,Male,Male,4,4,16
P623,北九州工業高等専門学校,福岡県,Male,Female,4,4,16
P624,沖縄工業高等専門学校,沖縄県,Female,Female,5,4,22
P625,宮崎県立宮崎西高等学校,宮崎県,Male,Male,4,0,16
P626,奈良工業高等専門学校,奈良県,Male,Male,3,0,11
P627,奈良工業高等専門学校,奈良県,Male,Male,4,0,16
P628,奈良工業高等専門学校,奈良県,Male,Male,5,1,22
P629,奈良工業高等専門学校,奈良県,Male,Male,6,3,33
P630,奈良工業高等専門学校,奈良県,Male,Male,3,2,11
P631,舞鶴工業高等専門学校,京都府,Male,Male,4,4,16
P632,神戸市立工業高等専門学校,兵庫県,Male,Male,3,3,11
